{"cameraMode":{"drawMode":0,"name":"Shaded","section":"Shading Mode"},"sceneLighting":true,"audioPlay":false,"sceneViewState":{"m_AlwaysRefresh":false,"showFog":true,"showSkybox":true,"showFlares":true,"showImageEffects":true,"showParticleSystems":true,"showVisualEffectGraphs":true,"m_FxEnabled":true},"in2DMode":false,"pivot":{"x":-0.6263325214385986,"y":-29.17876434326172,"z":35.129417419433597},"rotation":{"x":0.3594222068786621,"y":-0.027711953967809678,"z":0.010689768008887768,"w":0.932723343372345},"size":24.101665496826173,"orthographic":false}